scene_id,satellite,sensor,longitude,latitude,capture_date,product_id,image_count,object_count,positive_images,tile_x_min,tile_x_max,tile_y_min,tile_y_max,black_ratio_mean,brightness_mean,sharpness_mean,objects_per_image,positive_image_ratio
GF1_WFV1_E110.0_N17.9_20200703_L2A0004902374,GF1,WFV1,110.0,17.9,2020-07-03,L2A0004902374,37,17,15,1536,12872,3584,12288,0.01804753896352407,82.12246003022065,9.803026274712268,0.4594594594594595,0.40540540540540543
GF1_WFV1_E110.3_N19.6_20200703_L2A0004902371,GF1,WFV1,110.3,19.6,2020-07-03,L2A0004902371,35,43,20,2048,13872,0,13824,0.111151123046875,110.81511132376535,27.11365170456203,1.2285714285714286,0.5714285714285714
GF1_WFV1_E120.0_N36.3_20200423_L2A0004760887,GF1,WFV1,120.0,36.3,2020-04-23,L2A0004760887,152,243,100,2048,16509,0,14696,0.08488750457763672,70.0811417981198,12.845416317249194,1.5986842105263157,0.6578947368421053
GF1_WFV1_E127.5_N16.2_20200630_L2A0004898206,GF1,WFV1,127.5,16.2,2020-06-30,L2A0004898206,11,3,3,2560,11264,8192,12800,0.0,79.67978564175692,5.314033153473495,0.2727272727272727,0.2727272727272727
GF1_WFV2_E111.6_N17.5_20200703_L2A0004902588,GF1,WFV2,111.6,17.5,2020-07-03,L2A0004902588,38,18,15,1024,12901,2048,12800,0.0645319286145662,101.54172806990773,41.57861862648899,0.47368421052631576,0.39473684210526316
GF1_WFV2_E112.0_N19.2_20200703_L2A0004902375,GF1,WFV2,112.0,19.2,2020-07-03,L2A0004902375,36,19,16,512,11776,0,14167,0.11922836303710938,105.22616132100423,33.69249766287572,0.5277777777777778,0.4444444444444444
GF1_WFV2_E118.9_N24.3_20200710_L2A0004922278,GF1,WFV2,118.9,24.3,2020-07-10,L2A0004922278,103,133,71,0,14019,3072,14629,0.0704491624554384,94.15812183120876,25.586845959035607,1.2912621359223302,0.6893203883495146
GF1_WFV2_E123.6_N29.3_20190910_L2A0004239231,GF1,WFV2,123.6,29.3,2019-09-10,L2A0004239231,182,215,125,0,11776,0,13824,0.0700928195492252,59.70691567724878,9.46063252035682,1.1813186813186813,0.6868131868131868
GF1_WFV2_E129.9_N19.2_20200630_L2A0004898208,GF1,WFV2,129.9,19.2,2020-06-30,L2A0004898208,7,2,2,10240,11776,4096,7680,0.0,139.4266024998256,23.350702332885703,0.2857142857142857,0.2857142857142857
GF1_WFV3_E112.3_N21.4_20190806_L2A0004164428,GF1,WFV3,112.3,21.4,2019-08-06,L2A0004164428,129,148,79,0,14129,4096,13824,0.037406300389489465,119.17287734867067,21.95000643091348,1.1472868217054264,0.6124031007751938
GF1_WFV3_E112.5_N22.2_20190806_L2A0004164434,GF1,WFV3,112.5,22.2,2019-08-06,L2A0004164434,39,39,28,2560,11776,10240,13824,0.009101672050280448,145.17256115644406,35.74377849985896,1.0,0.717948717948718
GF1_WFV3_E112.6_N13.8_20200703_L2A0004902372,GF1,WFV3,112.6,13.8,2020-07-03,L2A0004902372,5,3,3,2048,15384,3584,7168,0.1770355224609375,97.2924690246582,46.266015102140955,0.6,0.6
GF1_WFV3_E113.4_N17.2_20200703_L2A0004902183,GF1,WFV3,113.4,17.2,2020-07-03,L2A0004902183,41,16,14,1024,15870,0,10752,0.065416940828649,86.42605311696123,22.813516791474797,0.3902439024390244,0.34146341463414637
GF1_WFV3_E119.6_N35.6_20200424_L2A0004760840,GF1,WFV3,119.6,35.6,2020-04-24,L2A0004760840,131,176,93,6144,15723,4096,15201,0.03959489778707956,89.37229567083693,12.92179029757894,1.3435114503816794,0.7099236641221374
GF1_WFV3_E120.2_N22.2_20200710_L2A0004922264,GF1,WFV3,120.2,22.2,2020-07-10,L2A0004922264,101,80,51,2048,13950,0,14848,0.04261035730343054,127.4531728159083,122.42773513963802,0.7920792079207921,0.504950495049505
GF1_WFV3_E121.9_N35.6_20190805_L2A0004161897,GF1,WFV3,121.9,35.6,2019-08-05,L2A0004161897,165,146,92,1024,14465,1536,15148,0.07152346986712832,81.19534186160925,27.94466832836545,0.8848484848484849,0.5575757575757576
GF1_WFV3_E122.4_N37.3_20190805_L2A0004161911,GF1,WFV3,122.4,37.3,2019-08-05,L2A0004161911,152,161,104,2048,13422,512,15134,0.039988818921540915,88.75717770425896,30.410685030718206,1.0592105263157894,0.6842105263157895
GF1_WFV3_E128.3_N25.6_20200602_L2A0004840282,GF1,WFV3,128.3,25.6,2020-06-02,L2A0004840282,5,2,2,6144,9216,3072,7680,0.0,169.2976188659668,16.730332444916712,0.4,0.4
GF1_WFV3_E130.9_N15.5_20200630_L2A0004898205,GF1,WFV3,130.9,15.5,2020-06-30,L2A0004898205,3,1,1,7168,7680,13312,13824,0.0035196940104166665,90.59368260701497,28.337945697508985,0.3333333333333333,0.3333333333333333
GF1_WFV3_E131.3_N17.2_20200630_L2A0004898201,GF1,WFV3,131.3,17.2,2020-06-30,L2A0004898201,22,9,9,2048,9728,1024,11776,0.01441071250221946,116.93328527970748,29.77203431652544,0.4090909090909091,0.4090909090909091
GF1_WFV3_E131.7_N18.9_20200630_L2A0004898210,GF1,WFV3,131.7,18.9,2020-06-30,L2A0004898210,6,3,3,4096,13312,5120,13312,0.003757476806640625,117.40262158711751,23.546250023850007,0.5,0.5
GF1_WFV4_E109.8_N16.7_20200704_L2A0004904643,GF1,WFV4,109.8,16.7,2020-07-04,L2A0004904643,66,24,20,512,20992,3072,14848,0.033600142507842094,67.1628628355084,9.576790991637443,0.36363636363636365,0.30303030303030304
GF1_WFV4_E110.2_N18.4_20200704_L2A0004904642,GF1,WFV4,110.2,18.4,2020-07-04,L2A0004904642,35,14,14,6144,22016,3072,14848,0.011063929966517857,74.70899102347238,7.702088518077757,0.4,0.4
GF1_WFV4_E114.1_N21.0_20190806_L2A0004164437,GF1,WFV4,114.1,21.0,2019-08-06,L2A0004164437,73,26,24,512,13312,2048,11776,0.021807631401166525,109.98397686056894,30.05675884093017,0.3561643835616438,0.3287671232876712
GF1_WFV4_E114.4_N21.8_20190806_L2A0004164425,GF1,WFV4,114.4,21.8,2019-08-06,L2A0004164425,94,55,46,0,17069,3072,14848,0.03217072182513298,113.00839736613821,39.78101472413998,0.5851063829787234,0.48936170212765956
GF1_WFV4_E114.5_N11.7_20200703_L2A0004902460,GF1,WFV4,114.5,11.7,2020-07-03,L2A0004902460,17,7,7,1536,13824,2560,9728,0.00955828498391544,138.56878347957834,27.39346764566332,0.4117647058823529,0.4117647058823529
GF1_WFV4_E124.0_N33.5_20131122_L1A0000115971,GF1,WFV4,124.0,33.5,2013-11-22,L1A0000115971,79,71,46,0,11488,0,12800,0.0,59.77849747862997,5.378458240322726,0.8987341772151899,0.5822784810126582
GF1_WFV4_E124.0_N35.2_20200407_L1A0004724410,GF1,WFV4,124.0,35.2,2020-04-07,L1A0004724410,138,106,74,0,11488,0,12800,0.0,81.83241697670756,6.34633832462229,0.7681159420289855,0.5362318840579711
GF1_WFV4_E124.0_N36.8_20191202_L1A0004438746,GF1,WFV4,124.0,36.8,2019-12-02,L1A0004438746,12,3,3,2048,5120,5120,7680,0.0,116.20919005076091,73.00257317051971,0.25,0.25
GF1_WFV4_E124.1_N30.1_20190629_L2A0004085462,GF1,WFV4,124.1,30.1,2019-06-29,L2A0004085462,14,6,5,10752,17408,8192,16269,0.05357088361467634,108.2912039075579,19.45257821689925,0.42857142857142855,0.35714285714285715
GF1_WFV4_E124.1_N33.5_20200812_L1A0004986999,GF1,WFV4,124.1,33.5,2020-08-12,L1A0004986999,42,21,21,0,11488,2048,11776,0.0,97.57869965689522,90.26801727643276,0.5,0.5
GF1_WFV4_E124.1_N35.2_20191206_L1A0004447282,GF1,WFV4,124.1,35.2,2019-12-06,L1A0004447282,17,8,7,0,5632,1024,12800,0.0,105.19485473632812,85.1186363148265,0.47058823529411764,0.4117647058823529
GF1_WFV4_E124.3_N33.5_20200926_L1A0005089385,GF1,WFV4,124.3,33.5,2020-09-26,L1A0005089385,67,38,30,0,11488,0,11776,0.0,66.45605394733487,38.99985506861326,0.5671641791044776,0.44776119402985076
GF1_WFV4_E124.5_N35.2_20200922_L1A0005079948,GF1,WFV4,124.5,35.2,2020-09-22,L1A0005079948,108,70,53,512,11488,0,12888,0.0,65.51694912380643,21.40533482800836,0.6481481481481481,0.49074074074074076
GF1_WFV4_E124.5_N36.8_20190805_L2A0004161899,GF1,WFV4,124.5,36.8,2019-08-05,L2A0004161899,105,73,53,0,16993,3072,14848,0.052012488955543154,76.37346438453311,11.93136633111807,0.6952380952380952,0.5047619047619047
GF1_WFV4_E124.6_N36.8_20191206_L1A0004447277,GF1,WFV4,124.6,36.8,2019-12-06,L1A0004447277,4,2,2,8704,9728,0,512,0.0,51.73250198364258,4.948546645915485,0.5,0.5
GF6_WFV_E131.2_N35.8_20200910_L1A1120034678-2,GF6,WFV,131.2,35.8,2020-09-10,L1A1120034678-2,113,74,55,0,23440,0,15872,0.0,79.3896283175038,8.697970608635899,0.6548672566371682,0.48672566371681414
GF6_WFV_E131.2_N35.8_20200910_L1A1120034678-3,GF6,WFV,131.2,35.8,2020-09-10,L1A1120034678-3,44,65,30,0,5632,2048,17285,0.0,66.81797608462247,11.697206145013213,1.4772727272727273,0.6818181818181818
GF6_WFV_E131.4_N22.4_20200419_L1A1119988588-1,GF6,WFV,131.4,22.4,2020-04-19,L1A1119988588-1,4,1,1,4096,5120,2048,2560,0.0,38.57670783996582,2.1618546104255074,0.25,0.25
GF6_WFV_E131.4_N22.4_20200419_L1A1119988588-2,GF6,WFV,131.4,22.4,2020-04-19,L1A1119988588-2,4,1,1,16384,17408,15360,15872,0.0,101.99703693389893,35.67796953460129,0.25,0.25
GF6_WFV_E131.4_N22.4_20200419_L1A1119988588-3,GF6,WFV,131.4,22.4,2020-04-19,L1A1119988588-3,4,1,1,6144,7680,16384,16896,0.0,58.71767711639404,16.171447393913695,0.25,0.25
GF6_WFV_E131.4_N22.4_20200530_L1A1120002374-1,GF6,WFV,131.4,22.4,2020-05-30,L1A1120002374-1,8,2,2,6144,9728,5120,16896,0.0,43.137961864471436,4.200566403715129,0.25,0.25
GF6_WFV_E131.4_N22.4_20200530_L1A1120002374-2,GF6,WFV,131.4,22.4,2020-05-30,L1A1120002374-2,8,2,2,8192,22016,0,16896,0.0,96.67811298370361,90.40401374900466,0.25,0.25
GF6_WFV_E131.4_N22.4_20200530_L1A1120002374-3,GF6,WFV,131.4,22.4,2020-05-30,L1A1120002374-3,4,1,1,8704,9728,15360,15872,0.0,15.677362442016602,0.8708934607202536,0.25,0.25
GF6_WFV_E131.4_N24.7_20190412_L1A1119866992-3,GF6,WFV,131.4,24.7,2019-04-12,L1A1119866992-3,3,1,1,10752,11776,15360,15360,0.0,39.06079228719076,6.363001478952356,0.3333333333333333,0.3333333333333333
GF6_WFV_E131.4_N24.7_20190523_L1A1119882277-1,GF6,WFV,131.4,24.7,2019-05-23,L1A1119882277-1,18,14,10,0,9728,0,14848,0.00021701388888888888,51.565960778130425,35.021696802490624,0.7777777777777778,0.5555555555555556
GF6_WFV_E131.4_N24.7_20190523_L1A1119882277-2,GF6,WFV,131.4,24.7,2019-05-23,L1A1119882277-2,4,1,1,18432,19968,12288,12800,0.0,81.57163619995117,18.862119610497757,0.25,0.25
GF6_WFV_E131.4_N24.7_20190523_L1A1119882277-3,GF6,WFV,131.4,24.7,2019-05-23,L1A1119882277-3,4,1,1,0,1536,13312,13824,0.0,98.39054203033447,60.69452123106748,0.25,0.25
GF6_WFV_E131.6_N24.7_20191111_L1A1119942463-1,GF6,WFV,131.6,24.7,2019-11-11,L1A1119942463-1,11,3,3,6144,13440,1024,15872,0.0,36.53415818647905,9.12753279998618,0.2727272727272727,0.2727272727272727
GF6_WFV_E131.6_N24.7_20191111_L1A1119942463-2,GF6,WFV,131.6,24.7,2019-11-11,L1A1119942463-2,15,5,5,16384,23440,6144,17289,0.0,25.035895538330077,4.2421233311732065,0.3333333333333333,0.3333333333333333
GF6_WFV_E131.6_N24.7_20191111_L1A1119942463-3,GF6,WFV,131.6,24.7,2019-11-11,L1A1119942463-3,8,3,3,8192,11793,5120,11776,0.0,23.62320613861084,4.965794035970248,0.375,0.375
GF6_WFV_E131.6_N24.9_20190302_L1A1119852281-1,GF6,WFV,131.6,24.9,2019-03-02,L1A1119852281-1,31,14,10,0,7680,0,15872,0.0008820564516129032,41.78684702227193,8.502642198980714,0.45161290322580644,0.3225806451612903
GF6_WFV_E131.6_N24.9_20190302_L1A1119852281-2,GF6,WFV,131.6,24.9,2019-03-02,L1A1119852281-2,31,10,10,0,22928,0,14848,0.0,33.10296347833449,4.244588706218036,0.3225806451612903,0.3225806451612903
GF6_WFV_E131.6_N24.9_20190302_L1A1119852281-3,GF6,WFV,131.6,24.9,2019-03-02,L1A1119852281-3,4,1,1,4096,5120,8192,8704,0.0,73.90342426300049,32.61511707876707,0.25,0.25
GF6_WFV_E131.8_N31.4_20200918_L1A1120036753-2,GF6,WFV,131.8,31.4,2020-09-18,L1A1120036753-2,55,17,15,2048,23440,0,17285,0.0,87.79732707630504,10.774633303463501,0.3090909090909091,0.2727272727272727
GF6_WFV_E131.8_N31.4_20200918_L1A1120036753-3,GF6,WFV,131.8,31.4,2020-09-18,L1A1120036753-3,7,2,2,8704,9728,5120,14848,0.0,63.610521044049946,15.677994350249978,0.2857142857142857,0.2857142857142857
GF6_WFV_E131.8_N38.0_20200910_L1A1120034675-1,GF6,WFV,131.8,38.0,2020-09-10,L1A1120034675-1,38,61,24,0,13440,7168,17285,0.00034623397024054274,87.42323835272538,45.26678977408607,1.605263157894737,0.631578947368421
GF6_WFV_E131.8_N38.0_20200910_L1A1120034675-2,GF6,WFV,131.8,38.0,2020-09-10,L1A1120034675-2,104,67,48,0,23440,2048,17285,0.0,72.23461000735944,8.315710018857107,0.6442307692307693,0.46153846153846156
GF6_WFV_E131.8_N38.0_20200910_L1A1120034675-3,GF6,WFV,131.8,38.0,2020-09-10,L1A1120034675-3,24,7,7,0,12305,0,9728,0.0003255208333333333,46.91896756490072,3.6883706656068775,0.2916666666666667,0.2916666666666667
GF6_WFV_E131.9_N22.4_20190604_L1A1119887740-1,GF6,WFV,131.9,22.4,2019-06-04,L1A1119887740-1,7,3,3,2048,5632,0,10752,0.0,30.946222032819474,5.622324974710604,0.42857142857142855,0.42857142857142855
GF6_WFV_E131.9_N22.4_20190604_L1A1119887740-2,GF6,WFV,131.9,22.4,2019-06-04,L1A1119887740-2,16,5,5,2560,23440,2048,11264,0.0,64.15696668624878,14.562907200591326,0.3125,0.3125
GF6_WFV_E131.9_N22.4_20190604_L1A1119887740-3,GF6,WFV,131.9,22.4,2019-06-04,L1A1119887740-3,5,2,2,3072,9728,4096,9728,0.0,78.56248245239257,28.530947791811194,0.4,0.4
GF6_WFV_E131.9_N26.9_20190523_L1A1119882283-1,GF6,WFV,131.9,26.9,2019-05-23,L1A1119882283-1,52,29,24,0,9728,0,17289,0.00048828125,40.600291618934044,16.323999319987845,0.5576923076923077,0.46153846153846156
GF6_WFV_E131.9_N26.9_20190523_L1A1119882283-2,GF6,WFV,131.9,26.9,2019-05-23,L1A1119882283-2,22,6,6,0,15872,0,13824,0.0,49.280879107388586,8.539672835660564,0.2727272727272727,0.2727272727272727
GF6_WFV_E131.9_N26.9_20190523_L1A1119882283-3,GF6,WFV,131.9,26.9,2019-05-23,L1A1119882283-3,2,1,1,2560,3072,2048,2560,0.0,72.61584091186523,11.966935934695357,0.5,0.5
GF6_WFV_E132.0_N24.7_20200530_L1A1120002373-1,GF6,WFV,132.0,24.7,2020-05-30,L1A1120002373-1,3,1,1,11904,12928,8192,8704,0.0,69.8188591003418,6.546505255726515,0.3333333333333333,0.3333333333333333
GF6_WFV_E132.0_N24.7_20200530_L1A1120002373-2,GF6,WFV,132.0,24.7,2020-05-30,L1A1120002373-2,9,3,3,8192,20992,7168,16896,0.0,96.18094635009766,20.6592660895953,0.3333333333333333,0.3333333333333333
GF6_WFV_E132.0_N26.9_20190302_L1A1119852268-1,GF6,WFV,132.0,26.9,2019-03-02,L1A1119852268-1,30,18,11,0,7680,12288,17289,0.000390625,44.94704920450847,8.145758290638817,0.6,0.36666666666666664
GF6_WFV_E132.0_N26.9_20190302_L1A1119852268-2,GF6,WFV,132.0,26.9,2019-03-02,L1A1119852268-2,7,2,2,12288,13824,2048,14848,0.0,44.393733978271484,5.628844731142245,0.2857142857142857,0.2857142857142857
GF6_WFV_E132.0_N26.9_20190302_L1A1119852268-3,GF6,WFV,132.0,26.9,2019-03-02,L1A1119852268-3,2,1,1,3584,3584,1024,1536,0.0,44.1434211730957,10.794070990174077,0.5,0.5
GF6_WFV_E132.0_N26.9_20190703_L1A1119896315-1,GF6,WFV,132.0,26.9,2019-07-03,L1A1119896315-1,14,5,4,2560,11904,3072,16896,0.0,51.91621943882534,2.759379268084428,0.35714285714285715,0.2857142857142857
GF6_WFV_E132.0_N26.9_20190703_L1A1119896315-2,GF6,WFV,132.0,26.9,2019-07-03,L1A1119896315-2,11,3,3,2048,22016,0,18489,0.0,111.78371325406161,13.318954004331978,0.2727272727272727,0.2727272727272727
GF6_WFV_E132.0_N26.9_20190703_L1A1119896315-3,GF6,WFV,132.0,26.9,2019-07-03,L1A1119896315-3,20,6,6,0,12305,4096,17920,0.000519561767578125,84.39793281555175,9.897146125156723,0.3,0.3
GF6_WFV_E132.4_N24.7_20190604_L1A1119887742-1,GF6,WFV,132.4,24.7,2019-06-04,L1A1119887742-1,11,4,4,4096,12928,4096,17373,0.0,32.42665342851119,6.819397069919929,0.36363636363636365,0.36363636363636365
GF6_WFV_E132.4_N24.7_20190604_L1A1119887742-2,GF6,WFV,132.4,24.7,2019-06-04,L1A1119887742-2,14,6,6,512,22016,1024,9728,0.0,52.08597019740513,26.043786083633936,0.42857142857142855,0.42857142857142855
GF6_WFV_E132.4_N24.7_20190604_L1A1119887742-3,GF6,WFV,132.4,24.7,2019-06-04,L1A1119887742-3,4,1,1,5120,5632,1024,1536,0.0,90.99955463409424,33.28874694922342,0.25,0.25
GF6_WFV_E132.4_N35.8_20200914_L1A1120035552-1,GF6,WFV,132.4,35.8,2020-09-14,L1A1120035552-1,204,377,137,6144,13440,0,17285,0.0,35.85616979412004,10.508625785038449,1.8480392156862746,0.6715686274509803
GF6_WFV_E132.4_N35.8_20200914_L1A1120035552-2,GF6,WFV,132.4,35.8,2020-09-14,L1A1120035552-2,46,18,17,0,17920,0,16896,0.0,44.58574278458305,21.93278236459699,0.391304347826087,0.3695652173913043
GF6_WFV_E132.4_N35.8_20200914_L1A1120035552-3,GF6,WFV,132.4,35.8,2020-09-14,L1A1120035552-3,60,108,41,8704,12305,7168,17285,0.0007486979166666667,30.392087682088217,12.065053891211088,1.8,0.6833333333333333
GF6_WFV_E132.5_N26.9_20200530_L1A1120002375-3,GF6,WFV,132.5,26.9,2020-05-30,L1A1120002375-3,6,3,3,1536,8704,2048,14848,0.0,129.46766789754233,11.744348875955135,0.5,0.5
GF6_WFV_E133.0_N29.1_20200419_L1A1119988598-2,GF6,WFV,133.0,29.1,2020-04-19,L1A1119988598-2,4,1,1,10240,11776,0,512,0.0,55.07565975189209,43.70993800705037,0.25,0.25
GF6_WFV_E133.0_N29.1_20200419_L1A1119988598-3,GF6,WFV,133.0,29.1,2020-04-19,L1A1119988598-3,17,4,4,2560,12305,6144,17289,0.0009525523466222427,66.78520673864028,10.381430676534793,0.23529411764705882,0.23529411764705882
GF6_WFV_E133.0_N29.1_20200530_L1A1120002372-2,GF6,WFV,133.0,29.1,2020-05-30,L1A1120002372-2,16,4,4,6144,19968,6144,15872,0.0,94.92149996757507,11.90322832039692,0.25,0.25
GF6_WFV_E133.0_N29.1_20200530_L1A1120002372-3,GF6,WFV,133.0,29.1,2020-05-30,L1A1120002372-3,6,1,1,10240,11776,5120,5632,0.0,62.30897776285807,8.801477510620316,0.16666666666666666,0.16666666666666666
GF6_WFV_E133.0_N38.0_20200914_L1A1120035551-1,GF6,WFV,133.0,38.0,2020-09-14,L1A1120035551-1,10,6,6,6144,11776,16777,17289,0.0,29.418367004394533,5.752604185750533,0.6,0.6
GF6_WFV_E133.1_N26.9_20200603_L1A1120004043-1,GF6,WFV,133.1,26.9,2020-06-03,L1A1120004043-1,32,10,10,2048,13440,0,18473,0.0,39.732603907585144,3.3928508998537836,0.3125,0.3125
GF6_WFV_E133.1_N26.9_20200603_L1A1120004043-2,GF6,WFV,133.1,26.9,2020-06-03,L1A1120004043-2,14,5,5,4096,13824,3072,17408,0.0,57.15391404288156,11.15781802739262,0.35714285714285715,0.35714285714285715
GF6_WFV_E133.6_N31.4_20200530_L1A1120002371-3,GF6,WFV,133.6,31.4,2020-05-30,L1A1120002371-3,3,1,1,6144,7680,1024,1536,0.0,74.9238395690918,9.402336076978827,0.3333333333333333,0.3333333333333333
GF6_WFV_E133.6_N33.6_20200305_L1A1119973496-1,GF6,WFV,133.6,33.6,2020-03-05,L1A1119973496-1,114,97,62,0,13440,0,17285,0.0005139802631578947,63.86610017743027,24.439849761661893,0.8508771929824561,0.543859649122807
GF6_WFV_E133.6_N33.6_20200305_L1A1119973496-2,GF6,WFV,133.6,33.6,2020-03-05,L1A1119973496-2,62,47,30,0,23440,512,15872,0.0,57.329812634375784,203.85824682508644,0.7580645161290323,0.4838709677419355
GF6_WFV_E134.3_N40.2_20200918_L1A1120036758-1,GF6,WFV,134.3,40.2,2020-09-18,L1A1120036758-1,26,10,9,6144,13440,6144,17289,0.0,25.615675706129807,1.9619460059016443,0.38461538461538464,0.34615384615384615
GF6_WFV_E135.1_N24.7_20200107_L1A1119957266-1,GF6,WFV,135.1,24.7,2020-01-07,L1A1119957266-1,2,1,1,3072,3584,16384,16896,0.0,79.61100959777832,29.490233167394763,0.5,0.5
GF6_WFV_E135.6_N26.9_20200107_L1A1119957261-1,GF6,WFV,135.6,26.9,2020-01-07,L1A1119957261-1,7,2,2,6144,13440,3072,12800,0.0,64.38068498883929,21.940148927254736,0.2857142857142857,0.2857142857142857
GF6_WFV_E135.6_N26.9_20200107_L1A1119957261-2,GF6,WFV,135.6,26.9,2020-01-07,L1A1119957261-2,11,3,3,2048,5632,7680,10752,0.0,68.36266985806552,48.85739049146518,0.2727272727272727,0.2727272727272727
GF6_WFV_E136.0_N26.9_20200913_L1A1120035638-1,GF6,WFV,136.0,26.9,2020-09-13,L1A1120035638-1,10,3,3,0,11264,8192,16317,0.0005001068115234375,26.329467391967775,2.227913382370025,0.3,0.3
GF6_WFV_E136.0_N26.9_20200913_L1A1120035638-2,GF6,WFV,136.0,26.9,2020-09-13,L1A1120035638-2,10,4,4,6144,15360,3072,16317,0.0,29.303167724609374,6.037093763599114,0.4,0.4
GF6_WFV_E136.6_N24.7_20200521_L1A1119999504-1,GF6,WFV,136.6,24.7,2020-05-21,L1A1119999504-1,2,1,1,0,1024,7168,7168,0.00390625,41.928794860839844,3.9161205170603353,0.5,0.5
GF6_WFV_E136.6_N24.7_20200521_L1A1119999504-2,GF6,WFV,136.6,24.7,2020-05-21,L1A1119999504-2,2,1,1,2048,2560,6144,6656,0.0,66.99190139770508,3.633525689772796,0.5,0.5
GF6_WFV_E136.6_N24.7_20200521_L1A1119999504-3,GF6,WFV,136.6,24.7,2020-05-21,L1A1119999504-3,7,2,2,10752,11793,0,512,0.0,94.5772819519043,76.71440419513758,0.2857142857142857,0.2857142857142857
GF6_WFV_E136.6_N29.1_20200913_L1A1120035632-1,GF6,WFV,136.6,29.1,2020-09-13,L1A1120035632-1,11,3,3,6144,11776,12288,14848,0.0,25.94343428178267,3.1261998036193703,0.2727272727272727,0.2727272727272727
GF6_WFV_E136.6_N29.1_20200913_L1A1120035632-2,GF6,WFV,136.6,29.1,2020-09-13,L1A1120035632-2,27,8,8,0,22928,5120,17285,0.0,40.54737345377604,41.63449709742552,0.2962962962962963,0.2962962962962963
GF6_WFV_E136.6_N29.1_20200913_L1A1120035632-3,GF6,WFV,136.6,29.1,2020-09-13,L1A1120035632-3,2,1,1,1024,1536,2048,2560,0.0,47.1700439453125,17.996797519961547,0.5,0.5
GF6_WFV_E137.2_N26.9_20200521_L1A1119999497-2,GF6,WFV,137.2,26.9,2020-05-21,L1A1119999497-2,3,1,1,20480,21504,6144,6656,0.0,107.01041666666667,10.90710758304825,0.3333333333333333,0.3333333333333333
GF6_WFV_E137.2_N31.4_20200913_L1A1120035633-1,GF6,WFV,137.2,31.4,2020-09-13,L1A1120035633-1,18,7,6,0,11776,1024,8704,0.00013881259494357638,44.49397489759657,8.621763830146746,0.3888888888888889,0.3333333333333333
GF6_WFV_E137.2_N31.4_20200913_L1A1120035633-2,GF6,WFV,137.2,31.4,2020-09-13,L1A1120035633-2,30,9,9,0,21504,2048,15872,0.0,51.5940808614095,17.453109200264347,0.3,0.3
GF6_WFV_E137.7_N29.1_20200521_L1A1119999499-2,GF6,WFV,137.7,29.1,2020-05-21,L1A1119999499-2,13,4,4,4096,22928,0,7680,0.0,106.17913759671725,29.355016839120744,0.3076923076923077,0.3076923076923077
GF6_WFV_E138.3_N31.4_20200521_L1A1119999493-1,GF6,WFV,138.3,31.4,2020-05-21,L1A1119999493-1,26,9,8,2560,11776,0,15872,0.0,57.858386259812576,3.582661757452745,0.34615384615384615,0.3076923076923077
GF6_WFV_E138.3_N31.4_20200521_L1A1119999493-2,GF6,WFV,138.3,31.4,2020-05-21,L1A1119999493-2,20,7,7,2560,19456,1024,17289,0.0,96.43671188354492,101.59623169924672,0.35,0.35
GF6_WFV_E138.3_N31.4_20200521_L1A1119999493-3,GF6,WFV,138.3,31.4,2020-05-21,L1A1119999493-3,9,2,2,4096,9728,10240,15872,0.0,92.1016722785102,6.747056969210259,0.2222222222222222,0.2222222222222222
GF6_WFV_E138.4_N26.9_20200529_L1A1120002143-1,GF6,WFV,138.4,26.9,2020-05-29,L1A1120002143-1,2,1,1,8192,9728,13312,13312,0.0,41.44101524353027,7.151557709483313,0.5,0.5
GF6_WFV_E138.4_N26.9_20200529_L1A1120002143-2,GF6,WFV,138.4,26.9,2020-05-29,L1A1120002143-2,2,1,1,4096,5120,2560,2560,0.0,44.81916046142578,8.71488935603702,0.5,0.5
GF6_WFV_E139.0_N29.1_20200529_L1A1120002145-1,GF6,WFV,139.0,29.1,2020-05-29,L1A1120002145-1,3,1,1,12416,13440,16777,17289,0.0,38.91378402709961,2.617029691900825,0.3333333333333333,0.3333333333333333
GF6_WFV_E139.0_N29.1_20200529_L1A1120002145-2,GF6,WFV,139.0,29.1,2020-05-29,L1A1120002145-2,10,4,4,0,23440,1536,9728,0.0,76.37435150146484,42.38527098343184,0.4,0.4
GF6_WFV_E139.0_N29.1_20200529_L1A1120002145-3,GF6,WFV,139.0,29.1,2020-05-29,L1A1120002145-3,3,1,1,0,1024,5120,5632,0.0,86.87480545043945,23.894933836879016,0.3333333333333333,0.3333333333333333
